Name,Age,Score,Sex,Profession
Norma Fisher,42,72.71,Female,Chef
Jorge Sullivan,44,22.67,Female,Developer
Elizabeth Woods,20,75.16,Female,Artist
Susan Wagner,34,28.79,Female,Doctor
Peter Montgomery,50,10.55,Female,Scientist
Theodore Mcgrath,49,46.09,Male,Engineer
Stephanie Collins,43,33.02,Male,Accountant
Stephanie Sutton,37,16.83,Male,Lawyer
Brian Hamilton,48,42.17,Male,Nurse
Susan Levy,40,89.72,Male,Engineer
Sean Green,55,43.53,Female,Artist
Kimberly Smith,31,44.73,Female,Chef
Jennifer Summers,50,70.88,Male,Developer
April Snyder,26,52.42,Female,Scientist
Dana Nguyen,36,12.92,Male,Lawyer
Cheryl Bradley,26,91.04,Male,Accountant
Walter Pratt,24,44.41,Female,Developer
Bobby Flores,57,78.93,Male,Doctor
Tasha Rodriguez,34,38.89,Male,Engineer
Michelle Kelley,52,80.68,Female,Doctor
Kimberly Maynard,63,38.95,Female,Nurse
Laurie Wallace,56,22.02,Male,Scientist
Janice Johnston,27,19.62,Male,Scientist
Collin Lopez,37,94.0,Male,Scientist
Mary Alvarez,24,58.65,Female,Artist
Peter Mcdowell,64,4.98,Female,Developer
Sarah Villanueva,22,38.83,Female,Lawyer
Kimberly Myers,61,23.4,Male,Scientist
Desiree Cain,39,8.47,Male,Accountant
Stephanie Lawrence,48,18.68,Female,Engineer
Lauren Hayes,53,5.7,Male,Scientist
Whitney Stark,24,63.81,Male,Developer
Angela Salazar,40,17.34,Female,Lawyer
Mr. Ryan Sanchez,45,61.08,Female,Teacher
Autumn Robinson,38,61.25,Female,Scientist
Faith Cabrera,57,70.49,Male,Scientist
Charles Wolfe,58,51.21,Male,Scientist
Kenneth Kent,31,28.44,Male,Chef
Melanie Johnson,53,87.75,Male,Chef
Lisa Johnston,48,35.31,Female,Developer
Jacob Hooper,46,45.83,Male,Lawyer
Alex Woodward,51,63.19,Female,Accountant
Caleb Clark,34,51.61,Female,Nurse
Taylor Johnson,21,95.65,Male,Developer
Brian Green,53,95.47,Female,Scientist
Matthew Bell,18,92.98,Female,Chef
Jonathan Williams,23,93.41,Male,Teacher
William Gonzalez,64,58.1,Female,Nurse
Nicholas Massey,43,49.02,Female,Engineer
Caroline Chambers,63,70.41,Female,Scientist
Amy Lowe,60,21.54,Male,Lawyer
Gloria King,58,26.59,Female,Lawyer
Jessica Thompson,18,4.38,Male,Developer
Jason Carroll,57,16.29,Male,Doctor
Emily Howard,49,0.39,Male,Artist
Danielle Castro,39,65.46,Female,Nurse
Patrick Rogers,33,14.04,Female,Artist
Douglas Allen,64,78.67,Male,Scientist
Heather Roberts,38,68.05,Female,Engineer
Travis Schultz,63,97.07,Female,Chef
Michelle Hughes,22,39.65,Female,Nurse
Matthew Smith,30,92.14,Female,Teacher
George Allen,54,45.37,Male,Teacher
Jamie Hutchinson,32,33.95,Male,Lawyer
Jennifer Morales,33,10.23,Female,Doctor
Jennifer Bates,27,88.28,Male,Doctor
Jeremy Green,52,79.48,Male,Teacher
Joseph Freeman,46,32.29,Male,Chef
Nicole Henson,23,45.57,Male,Engineer
Eric Owens PhD,23,32.51,Female,Artist
Robin Lopez,38,2.88,Male,Teacher
Miss Angela Swanson DVM,50,4.44,Male,Engineer
Michael Stewart,49,36.87,Female,Accountant
Mitchell Smith,24,20.96,Female,Scientist
Kelsey Davis,37,52.45,Female,Scientist
Matthew Russo,53,18.78,Male,Teacher
William Garcia,36,20.16,Female,Developer
Jennifer Miller,63,67.27,Female,Scientist
Jesse Sparks,25,73.56,Female,Lawyer
Brandi Meyer,53,31.22,Male,Developer
Hannah Wiggins,39,86.0,Male,Accountant
Albert Williams,52,25.46,Female,Engineer
Kristin Potts,31,34.39,Male,Teacher
Susan Williams,56,71.25,Male,Lawyer
Meredith Rios,53,4.45,Female,Teacher
Stephanie Bowman,55,93.42,Male,Doctor
Joshua Clark,36,7.23,Female,Doctor
Alexa Hernandez,46,46.09,Female,Lawyer
Richard Higgins,23,72.46,Male,Developer
Marc Williams,56,4.75,Female,Developer
William Roberts,42,80.9,Male,Developer
Joshua Carter,38,97.89,Female,Scientist
David Williams,54,46.05,Male,Engineer
Joseph Jones,33,11.81,Female,Chef
Gary Perry,36,8.15,Male,Developer
Terry Wells,29,9.87,Male,Nurse
Vanessa Cooper,30,76.54,Male,Lawyer
Michael Simmons,29,41.4,Female,Doctor
Nicholas Kline,20,91.92,Male,Engineer
Lori Bennett,57,44.06,Male,Developer
Margaret Jones,60,7.71,Female,Artist
Paul Brown,34,42.69,Male,Lawyer
James Stone,48,75.48,Male,Developer
John Richards,22,82.93,Male,Accountant
Jenny Richardson,23,3.94,Male,Artist
Debbie Waters MD,61,18.04,Female,Scientist
Austin Boyer,26,49.0,Male,Doctor
Stephanie Hayes,27,12.81,Female,Scientist
Barbara Sanders,20,87.11,Female,Engineer
Andrew Gould,23,93.45,Male,Engineer
Charles Gonzalez,62,31.96,Female,Doctor
Joshua Hernandez,52,43.48,Female,Nurse
Victoria Hernandez MD,61,55.71,Male,Engineer
Sherry Simpson,43,28.55,Male,Developer
Erica Jimenez,63,54.11,Female,Developer
Mr. Dakota Lynch II,51,20.12,Female,Engineer
Victor Nolan,35,29.66,Male,Engineer
Amanda Hernandez,51,44.18,Female,Engineer
Richard Kirby,33,60.47,Male,Chef
Michelle Roman,31,53.62,Male,Engineer
Bradley Melton,61,26.1,Female,Teacher
Danny Williams,55,23.18,Female,Chef
Ryan Rivera,44,11.87,Female,Teacher
Charles Douglas,55,78.35,Male,Lawyer
Kathy Santana,35,9.89,Male,Doctor
Laura Gregory,46,73.29,Male,Chef
Norma Mooney,49,24.88,Female,Teacher
Susan Harris,60,28.46,Male,Engineer
Linda Petersen,59,73.61,Male,Accountant
Dr. James Willis,62,65.96,Female,Teacher
Rebecca Sandoval,40,74.19,Male,Doctor
Christopher Hunter,23,51.53,Female,Doctor
Austin Heath,38,85.91,Female,Doctor
Elizabeth Russell,57,12.18,Male,Chef
Amy Davidson,25,64.52,Female,Doctor
Dustin Greer,49,11.82,Female,Artist
Andrew Butler,55,73.73,Male,Doctor
Scott Love DDS,58,35.89,Male,Lawyer
William Jenkins,39,67.49,Female,Scientist
Jasmine Williams,30,70.35,Female,Doctor
Christian Johnson,33,66.06,Male,Doctor
Lorraine Garcia,19,22.16,Female,Lawyer
Hannah Reyes,64,83.18,Male,Lawyer
Katherine Ibarra,35,24.01,Female,Accountant
Julie Chen,25,51.82,Female,Teacher
Caleb Fleming,63,67.46,Male,Accountant
Rachel Martinez,32,23.36,Male,Doctor
Rebecca Stark,41,62.85,Male,Teacher
Melanie Patrick,28,28.68,Female,Nurse
Rachel Lopez,39,17.14,Male,Scientist
Jill Sherman,45,80.97,Female,Accountant
Richard Jones,21,55.31,Female,Teacher
Timothy Tucker,24,32.79,Female,Doctor
Theresa Estrada,27,58.54,Male,Accountant
Cindy Davis,62,2.53,Male,Engineer
Stacy Chan,32,12.98,Male,Accountant
Jennifer Torres,20,39.56,Female,Artist
Jeffery Knight,54,97.58,Male,Doctor
Taylor Perry,58,51.05,Female,Scientist
Raymond Navarro,52,7.65,Female,Nurse
Jeremy Parks,56,76.5,Female,Accountant
Thomas Rivers,61,78.14,Male,Nurse
Angela Jones,22,77.48,Female,Accountant
Allen Bailey,19,56.95,Female,Chef
William Fuentes,25,69.57,Female,Accountant
Steven Clark,58,21.35,Female,Scientist
Michael Mays,30,73.26,Male,Developer
Adam Wood,56,81.62,Female,Artist
Larry Villarreal,54,76.0,Female,Chef
Brian Cooper,25,35.35,Male,Doctor
Beverly Levy,43,59.1,Male,Teacher
John Carter,23,62.9,Male,Chef
Tina Fields,41,90.08,Female,Scientist
Willie Garcia,25,10.8,Female,Nurse
Brooke Hurst,20,83.39,Male,Developer
Regina Stewart,56,52.64,Male,Nurse
Paul Carter,19,35.86,Male,Accountant
Angel Anderson,30,45.56,Female,Nurse
Blake Jones,29,1.26,Male,Engineer
Juan Yang,63,22.01,Male,Engineer
Jay Walsh,25,65.28,Male,Engineer
Jeremy Wood,48,66.08,Female,Teacher
Amy Ortiz,31,49.47,Male,Developer
Nicholas Flores,64,95.33,Female,Artist
Edward Ruiz,21,48.09,Female,Teacher
Rebecca Hill,61,31.39,Male,Teacher
Melissa Flynn,19,84.78,Male,Doctor
James Saunders,52,25.92,Female,Lawyer
David Chavez,45,60.43,Female,Lawyer
Brenda Ford,57,70.34,Female,Teacher
Karen Harris,24,82.17,Female,Developer
Michael Montgomery,34,78.54,Female,Developer
Edwin Mack,22,38.41,Female,Teacher
Kimberly Moore,32,5.92,Male,Engineer
Kaitlin Gregory,22,3.83,Male,Teacher
Crystal Gill,59,72.65,Female,Nurse
William Martinez,37,96.17,Male,Nurse
Amanda Scott,40,34.32,Male,Artist
Lauren Foster,45,44.12,Male,Doctor
David Campbell,29,72.58,Male,Accountant
Susan Larson,21,65.78,Female,Lawyer
Ricky Torres,50,26.01,Male,Teacher
Joseph Wright,47,67.16,Male,Developer
Carla Perry,20,30.49,Female,Nurse
Joseph Berry,56,35.64,Male,Artist
Kim Jenkins,24,53.95,Male,Doctor
Jennifer Osborne,62,73.23,Male,Chef
Ebony Watson,43,15.12,Female,Artist
Brooke Terry,30,2.2,Male,Nurse
Kevin Taylor,34,62.78,Male,Scientist
Heather Kennedy,40,2.46,Male,Doctor
John Neal,64,4.5,Male,Developer
Matthew Brown,48,22.58,Male,Scientist
Patrick Williams,54,65.39,Female,Accountant
Allison Ruiz,28,6.65,Male,Nurse
Alexandra Rose,62,6.24,Female,Engineer
Sean Parks,61,97.21,Male,Nurse
Maureen Smith,31,42.27,Male,Artist
Marc Key,21,89.24,Female,Scientist
Melissa Acosta,61,21.65,Male,Engineer
Paul Roberts,28,43.52,Female,Scientist
Joel Rivera,28,35.8,Female,Accountant
Javier Prince,39,17.69,Male,Developer
Jermaine Fletcher,51,32.88,Female,Teacher
Beverly Lozano,34,98.68,Female,Developer
Richard Price,25,74.73,Male,Engineer
Jean Robinson,56,38.27,Male,Developer
Todd Willis,46,40.93,Male,Doctor
James Young,60,26.37,Male,Nurse
Cody Brown,29,53.13,Male,Scientist
Carrie Bishop,18,73.56,Male,Engineer
Michele Hunt,48,68.66,Male,Developer
Shawn Gomez,61,46.26,Female,Artist
Mark Black,44,4.19,Female,Teacher
Tina Spears,54,92.15,Female,Developer
Lauren Henry,50,40.89,Female,Nurse
Cindy Adams,37,39.03,Female,Accountant
Christopher Smith,59,0.31,Female,Doctor
Brenda Buchanan,40,13.82,Female,Teacher
Tracy Sanders,42,86.89,Male,Lawyer
Jody Morgan,60,51.39,Male,Artist
Stephen Norton,34,73.24,Male,Chef
Jesus Nguyen,27,14.82,Male,Chef
Andrew Wood,53,33.01,Male,Chef
Joseph Lopez,62,84.01,Male,Doctor
Michael Fitzgerald,18,82.07,Male,Scientist
Scott Scott,47,24.68,Female,Developer
Micheal Williams,65,2.2,Male,Engineer
Andrea Murray,23,80.65,Female,Developer
Amber Lamb,39,16.88,Male,Engineer
Julia Wilson,65,78.77,Female,Engineer
Brett Cannon,20,68.37,Male,Chef
Thomas Alexander,52,16.83,Male,Teacher
Jeffery Fischer,35,7.85,Female,Nurse
Amanda White,26,92.76,Female,Teacher
Carl Pitts DVM,33,59.79,Female,Scientist
Jeffrey Hawkins,48,62.05,Female,Artist
Joshua Harris,40,45.75,Female,Chef
Jeremy Jacobs,57,15.01,Male,Accountant
Debbie Hall,36,60.2,Male,Artist
Richard Garcia,61,25.25,Female,Engineer
Danielle Mitchell,40,80.59,Male,Accountant
Mary Harmon,55,73.27,Female,Artist
Shannon Martinez,58,2.73,Female,Lawyer
Bailey Mclaughlin,57,93.24,Female,Accountant
Michael Warner,26,3.63,Female,Lawyer
Connie Decker,63,8.96,Female,Chef
Joseph Leonard,37,29.27,Male,Chef
Mark Mitchell,42,15.08,Female,Nurse
Robert Tran,65,23.61,Female,Nurse
Kevin Johnson,44,35.58,Female,Nurse
James Daugherty,59,73.55,Female,Doctor
Angela Hubbard,23,40.47,Female,Engineer
Patricia Hudson,18,26.98,Female,Scientist
Cindy Oconnor,56,49.23,Female,Nurse
Olivia Gomez,30,39.26,Female,Teacher
Lori Lester,62,31.08,Male,Lawyer
Roy Fox,39,90.05,Male,Artist
Jesus Smith,28,55.04,Female,Scientist
Matthew Guerrero,33,97.73,Male,Chef
Troy Castillo MD,32,77.29,Female,Engineer
Deanna Munoz,58,57.05,Male,Artist
Samantha Floyd,46,26.24,Male,Chef
Anthony Johnson,42,68.68,Female,Lawyer
Tonya Cooper,63,45.59,Female,Scientist
Nicholas Barrett,61,72.14,Female,Scientist
Michael Torres,54,40.38,Female,Teacher
Joshua Oconnor,44,49.6,Female,Teacher
Alex Burton,20,2.07,Female,Scientist
Andrew Perez,43,74.0,Male,Scientist
Andrea Brown,62,3.43,Male,Lawyer
Jenny Stafford,54,68.07,Female,Artist
Jeffrey Howard,44,58.2,Female,Developer
Gary Hatfield,60,77.59,Male,Doctor
Janet Ortiz,63,28.98,Male,Teacher
Joseph Fitzgerald,20,68.61,Male,Chef
Julie Williams,28,20.71,Male,Engineer
Jennifer Myers,46,52.93,Female,Developer
Charles Melton,22,34.03,Male,Teacher
Morgan Hernandez,34,97.85,Male,Doctor
Ryan Hoover,62,97.19,Male,Teacher
Alex Drake,28,20.9,Male,Developer
Richard Sutton,46,56.6,Female,Teacher
Blake Pennington,51,32.94,Female,Scientist
Lisa Ellis,49,96.85,Male,Developer
Lance King,53,92.45,Male,Accountant
Morgan Johnson,56,58.61,Male,Scientist
Amanda Davis,18,72.01,Male,Nurse
Chris Young,20,68.13,Female,Accountant
Nicolas Sullivan,49,35.34,Male,Scientist
Johnathan Long,38,91.64,Female,Lawyer
Steven Pierce,37,89.95,Female,Lawyer
Patricia Duncan,47,33.07,Female,Doctor
Michael Bryant,21,74.74,Female,Developer
Jennifer Crawford,44,0.91,Male,Chef
Patrick Johnson,30,81.64,Female,Nurse
Lauren Parsons,53,56.49,Male,Developer
Michael Clark,58,95.23,Male,Developer
Gina Good,23,36.32,Male,Developer
Christine Knight,64,62.57,Male,Scientist
Warren Middleton,26,32.3,Female,Chef
Michelle Maldonado,18,78.28,Female,Accountant
Thomas Lam,43,60.07,Male,Engineer
Paul Smith,61,98.75,Female,Lawyer
Krystal Farley,44,0.1,Male,Accountant
Mario Morris,38,14.08,Female,Accountant
Lindsay Archer,18,4.36,Male,Artist
Charles Williams,31,12.58,Male,Scientist
Timothy Fry,18,92.94,Female,Developer
Dr. Robert Osborne,63,94.86,Male,Scientist
Chelsea Dunn,18,48.04,Female,Engineer
Travis Thompson,61,94.67,Male,Engineer
Matthew Moore,51,81.84,Male,Scientist
Jonathan Hogan,57,77.86,Male,Accountant
Nicole Baker,24,74.73,Female,Doctor
Jeffrey Ewing,30,18.77,Male,Developer
Theresa Medina,25,54.89,Male,Engineer
Wanda Lee,56,42.39,Male,Engineer
Rebecca Kirk,59,94.98,Female,Lawyer
Brittney Guerrero,30,17.38,Female,Scientist
Kristine Ward,37,16.99,Female,Accountant
Kristina Jenkins,35,65.89,Male,Nurse
Regina Perez,62,15.74,Male,Accountant
Joseph Pugh,29,11.01,Female,Lawyer
Lynn Burton,24,50.39,Male,Accountant
Nicholas Wright PhD,48,79.67,Female,Lawyer
Tony House,43,60.5,Female,Accountant
Jerome Manning,58,75.48,Female,Lawyer
Jordan Roman,23,26.58,Female,Chef
Tina Martin,19,28.5,Female,Teacher
Tanya Walters,35,42.87,Female,Chef
Dawn Macias,46,99.08,Male,Engineer
Lisa Davis,25,71.79,Female,Chef
Adam King,34,94.63,Male,Nurse
Jasmine Rowe,26,53.79,Male,Artist
Jean Beard,59,55.46,Female,Developer
John Gallegos,51,99.01,Female,Scientist
Michael Murphy,59,19.0,Female,Doctor
John Boyd,59,78.26,Female,Artist
Keith Reed,40,79.15,Male,Doctor
Connor Rodriguez,25,84.47,Female,Teacher
Amanda Hebert,27,75.01,Male,Chef
Theresa Edwards,35,15.53,Male,Lawyer
Victoria Hubbard,19,66.11,Male,Teacher
Michael Larson,20,92.37,Male,Lawyer
Eric Brown,20,56.33,Female,Nurse
Cesar Castillo,31,36.09,Female,Lawyer
Pamela Williams,61,94.95,Male,Teacher
Amanda Peters,34,56.16,Female,Lawyer
Lynn Herring,53,41.16,Female,Developer
Kevin Miller,38,61.41,Female,Lawyer
Robin Harris,41,80.41,Male,Nurse
Michael King,54,22.83,Female,Accountant
Timothy Lutz,20,1.57,Male,Artist
Steven Tran,65,52.91,Male,Engineer
Kevin May,62,94.14,Male,Nurse
Peter Meyers,56,68.03,Male,Accountant
Matthew Bryant,59,63.09,Male,Developer
Jimmy Moore,49,62.78,Male,Scientist
Matthew Alvarez,63,49.7,Female,Accountant
Kimberly Hoover,59,73.09,Female,Chef
Robert Miller,47,24.92,Female,Doctor
Harold Hayes,58,89.18,Male,Developer
Kayla Archer,45,27.45,Female,Teacher
Barbara Stewart,41,94.49,Male,Accountant
Nicholas Smith,52,92.65,Male,Teacher
Cheryl Gutierrez,29,7.79,Female,Teacher
Eric Price,31,44.82,Male,Doctor
Randall Dawson,42,74.4,Male,Nurse
Russell Jones,55,44.97,Male,Artist
Henry Winters,36,50.89,Female,Engineer
Megan Hart,18,80.68,Male,Engineer
Jennifer Johnson,26,70.5,Male,Lawyer
Cheryl Hughes,27,95.8,Female,Lawyer
Caleb Bell,35,16.45,Male,Doctor
Luis Valdez,39,92.36,Female,Chef
Jesus Spencer,39,92.8,Female,Accountant
Kathleen Miller,41,63.47,Female,Engineer
Scott Gibbs,63,94.04,Male,Teacher
Deborah Wong,23,25.27,Female,Lawyer
Ronald Cook,39,88.18,Male,Chef
Kaitlin Johnson,57,77.35,Male,Teacher
Lori Mitchell,20,60.97,Male,Chef
James Moore,20,9.06,Male,Developer
Bridget Thompson,35,3.01,Male,Doctor
Margaret Sanchez,28,1.1,Female,Developer
Lori Dougherty,27,25.06,Female,Nurse
Dr. Michael Williams,55,76.24,Female,Teacher
Douglas Jackson,36,38.66,Female,Lawyer
Darrell Johns,41,77.54,Male,Nurse
Shawn Taylor,43,62.56,Female,Engineer
Alexis Conrad,53,38.93,Male,Nurse
James Solis,26,88.01,Male,Doctor
Mrs. Samantha Hicks MD,36,3.84,Male,Doctor
Ashley Carr,25,46.53,Male,Chef
Megan James,48,82.99,Female,Doctor
Jeffrey Mcintyre,64,12.68,Male,Developer
David Taylor,33,71.05,Male,Developer
Kim Jones,21,32.81,Male,Chef
Matthew Church,37,2.43,Male,Nurse
Jeffrey Ruiz,29,47.37,Female,Teacher
James Brewer,51,52.17,Male,Engineer
Kevin Houston,64,4.16,Female,Lawyer
Dr. Jacqueline Johnson DDS,22,56.59,Male,Scientist
David Williams,37,34.74,Female,Scientist
Robert Maynard,43,0.45,Male,Artist
Shawn Williams,39,19.08,Male,Doctor
Alyssa Fisher,37,11.08,Female,Scientist
Jenna Middleton,44,54.06,Male,Developer
Lindsey Martin,24,4.31,Female,Lawyer
Jason Lawrence,24,92.81,Female,Scientist
Diane Gordon DVM,53,84.51,Female,Lawyer
Mark Miranda,48,94.53,Female,Scientist
Nicole Gonzalez,48,31.48,Female,Teacher
Cassandra Silva,39,90.53,Male,Scientist
Mark Carter,39,98.43,Male,Artist
Michael Adams,25,76.47,Female,Scientist
Hannah Anderson,48,27.51,Female,Artist
Carol Jordan,25,67.09,Female,Developer
Billy Page,62,59.57,Female,Doctor
Paula Gardner,49,40.42,Female,Teacher
Caroline Clark,45,30.61,Female,Lawyer
Joseph Fuentes,20,5.98,Male,Nurse
Stephen Fitzgerald,37,12.54,Male,Nurse
Frances Wilson,39,13.4,Male,Developer
Sarah Ortiz,65,48.09,Female,Lawyer
Stephanie Peterson,61,64.19,Female,Nurse
Evelyn Neal,27,76.41,Male,Artist
Victoria Manning,28,4.67,Male,Teacher
Spencer Riddle,58,82.38,Male,Lawyer
Travis Hunt,54,4.35,Male,Teacher
Whitney Hess,42,55.49,Male,Nurse
Brittany Smith,58,74.41,Female,Artist
Michele Walls,23,63.12,Male,Lawyer
Melissa Holland,22,94.97,Male,Teacher
Matthew Holden,23,34.47,Female,Doctor
Michael Mendez,30,58.59,Female,Accountant
Ricky Smith,65,8.28,Female,Chef
Ruth Castillo,32,55.98,Female,Chef
Jesse Silva,21,81.33,Female,Lawyer
John Rowe,42,20.16,Female,Nurse
Kristina Wilcox,18,26.1,Female,Teacher
Scott Mccall,24,70.04,Female,Doctor
Ronald Atkinson,43,25.39,Male,Nurse
Kelly Franklin,53,25.92,Male,Teacher
Michael Sullivan,51,93.55,Female,Developer
Chad Price,36,99.85,Female,Nurse
Krystal Hendricks,46,15.52,Female,Doctor
Angie Chapman,49,90.02,Male,Doctor
Jonathon Gibson,55,55.27,Male,Scientist
Brian Whitaker,63,3.86,Male,Nurse
Matthew Kennedy Jr.,61,58.55,Female,Nurse
Caitlin Phelps,31,64.15,Male,Developer
Briana Jones,45,3.38,Female,Nurse
James Benton,23,75.77,Female,Engineer
Deborah Hall,41,81.78,Male,Artist
Charles Cain,32,7.16,Male,Developer
Sean Morrow,34,64.84,Male,Teacher
Justin Smith,55,45.65,Male,Teacher
Kristin Campos,28,23.87,Female,Accountant
Michael Velazquez MD,45,45.87,Male,Teacher
Grace Davis,30,15.94,Female,Lawyer
Darrell Roberson,40,33.37,Male,Artist
Danny Simpson,25,65.52,Female,Doctor
Katrina Peterson,22,47.65,Female,Accountant
Kenneth Perez,62,55.59,Female,Developer
James Chang,19,54.34,Female,Doctor
Timothy Newton,51,82.06,Female,Engineer
Dr. Ian Cruz,46,34.34,Male,Scientist
Richard Morales,61,81.3,Male,Doctor
Kaitlin Douglas,30,8.0,Female,Scientist
Thomas Reynolds,25,42.77,Female,Lawyer
James Miranda,49,35.23,Male,Lawyer
Sharon Castillo MD,43,45.16,Male,Teacher
Gregory Sanchez,34,83.35,Female,Teacher
Tyler Porter,31,51.24,Male,Engineer
James Price,59,98.72,Female,Doctor
Veronica Bray,20,86.15,Female,Teacher
Lisa Lowe,31,11.88,Female,Doctor
Katelyn Edwards,57,31.69,Male,Scientist
Anna Stewart,27,2.27,Male,Chef
Crystal Ponce,24,73.38,Female,Doctor
Ms. Amanda Davis,30,1.92,Male,Developer
Gabriel Wilson,47,88.59,Female,Doctor
Helen Hall,42,19.33,Female,Chef
James Smith,41,41.38,Female,Chef
Larry Donovan,52,6.2,Female,Doctor
Patrick Gonzalez,27,31.13,Male,Artist
Steven Mathis,24,38.95,Female,Developer
Christopher Young,56,5.22,Female,Scientist
Janet Aguirre,49,76.76,Male,Teacher
James Cannon,27,71.13,Female,Accountant
Debra Aguilar,54,35.79,Female,Lawyer
Samantha Byrd,43,83.52,Female,Developer
Linda Davis,58,7.74,Male,Nurse
Michelle Nelson,61,5.4,Male,Teacher
Lisa Hopkins,45,35.5,Female,Scientist
Kenneth Keller,51,90.18,Male,Developer
Jordan Martinez,49,75.65,Female,Teacher
Thomas Martinez,61,67.23,Female,Teacher
Julie Gibson,38,56.27,Male,Doctor
Jason Bennett,49,80.38,Female,Artist
Gabriela Short,49,41.22,Male,Accountant
David Castillo,58,3.07,Female,Nurse
Allison Cummings,60,80.24,Male,Lawyer
Jared Duran,30,19.05,Male,Doctor
Jeffrey King,52,38.77,Female,Nurse
Darren Campbell,57,35.76,Male,Accountant
Linda Noble,32,12.34,Male,Scientist
Kelly Miller,18,35.08,Female,Developer
Joseph Nunez,39,17.71,Female,Lawyer
Brittney Johnson,63,61.6,Male,Engineer
Renee Cannon,65,65.34,Male,Teacher
Michael Jenkins,38,1.36,Female,Nurse
James Cobb,38,45.65,Male,Teacher
Tonya Barron,20,55.41,Male,Lawyer
Kelly Ramsey,51,87.17,Female,Artist
Thomas Marquez,27,49.6,Male,Artist
Jessica Schultz,34,8.05,Female,Doctor
Stephanie Duncan,56,5.17,Female,Teacher
Jeremy Sanchez,27,86.21,Female,Lawyer
Sarah Peters,42,79.07,Male,Scientist
Andrew Anderson,55,85.84,Female,Doctor
Michael Walker,36,26.22,Female,Nurse
Shannon Todd,63,64.8,Female,Artist
Matthew Mcneil,63,9.57,Male,Doctor
Gina Jennings,48,82.66,Male,Nurse
Justin Kelly,22,33.36,Male,Teacher
Jeffrey Alvarado,23,95.51,Male,Artist
Julie Thomas,51,47.14,Male,Artist
Nicole Finley,20,3.31,Female,Chef
John Fernandez,22,90.91,Male,Accountant
Michele Smith,32,62.55,Female,Nurse
Scott Richards,26,28.71,Female,Lawyer
Jennifer Clark,20,3.68,Female,Nurse
Zachary Taylor,37,37.67,Female,Chef
Katherine James,18,15.69,Female,Lawyer
Angela Cordova,46,54.83,Female,Accountant
Adrian Barnes DDS,39,14.69,Male,Developer
Patrick Saunders,28,17.46,Male,Developer
Walter Johnson,27,92.09,Male,Engineer
Kayla Hernandez,59,64.01,Female,Chef
Kevin Ramirez,47,24.26,Male,Chef
Colleen Cruz,41,87.89,Female,Teacher
Gina Holloway,50,62.47,Female,Developer
Brandon Moore,42,94.56,Female,Artist
Kristy Brown,51,48.29,Female,Accountant
Karen Flores PhD,50,88.79,Female,Accountant
Jeffrey Beck,20,67.84,Female,Doctor
Pamela Mcclure,54,4.42,Male,Developer
Jeffrey Johnson,23,24.03,Male,Lawyer
James Cooper,61,28.16,Male,Teacher
Robert Lopez,51,17.0,Male,Doctor
Kimberly Morgan,56,23.82,Male,Engineer
Candice Simpson,22,22.6,Female,Lawyer
Scott Rivera,65,87.83,Male,Accountant
Zachary Austin,45,46.29,Male,Accountant
Richard Jones,31,87.65,Male,Accountant
Kelly Callahan,36,13.8,Male,Chef
Karina Meyer,52,56.49,Male,Chef
Hannah Grant,56,1.35,Female,Accountant
Whitney Steele,44,93.03,Male,Scientist
Jennifer Lynch,48,0.56,Female,Scientist
Hannah Adams,42,38.99,Male,Nurse
Hannah Cooke,56,80.16,Male,Chef
Cindy Clayton,55,99.99,Female,Nurse
Mrs. Mary Hammond,32,1.95,Female,Artist
Robert Parker,19,82.41,Male,Nurse
Tiffany Johnson,60,51.01,Male,Lawyer
Ebony Wilson,18,3.82,Male,Teacher
Veronica Hunt,65,77.71,Male,Accountant
Jerry Perry,29,11.19,Male,Engineer
Jennifer Miller,37,61.15,Male,Lawyer
Yesenia Thompson,50,77.83,Female,Teacher
Jeffrey Hale,54,67.36,Female,Engineer
Russell Little,34,37.99,Female,Doctor
Seth Stanley,39,2.64,Male,Accountant
Joshua Krause,22,43.63,Female,Engineer
Michael Atkinson,49,91.37,Male,Teacher
Brenda Harper,34,33.29,Male,Doctor
Jennifer Aguilar,37,24.8,Male,Engineer
Erik Stokes,44,13.78,Female,Nurse
Jerry Martinez MD,42,51.03,Male,Developer
Crystal Morton,42,53.33,Male,Artist
David Parker,21,7.3,Male,Doctor
Sue Horne,28,40.78,Female,Engineer
Paul Fox,59,65.87,Female,Artist
David Campbell,26,96.61,Male,Teacher
John Zuniga,33,43.15,Female,Nurse
Michael Dickerson,36,43.6,Male,Scientist
David Walker,64,47.11,Female,Accountant
Charles Arnold,39,22.5,Male,Chef
Alexander Hall,21,39.48,Male,Nurse
Jennifer Stephenson,20,64.53,Male,Scientist
Dana Castro,48,39.71,Male,Artist
Lauren Jackson,44,58.14,Male,Scientist
William Evans,27,83.56,Female,Engineer
Rebecca Harmon,49,99.8,Male,Chef
Rachel Boone,56,88.5,Male,Artist
Christopher Wagner,63,37.18,Female,Chef
Joseph Snyder,23,2.17,Male,Engineer
Brady Smith,61,61.16,Female,Lawyer
Angela Nixon,62,47.46,Male,Engineer
Dr. Joanna Hill,27,23.7,Male,Scientist
Gregory Foster,40,4.03,Female,Teacher
Stephanie Moore,44,32.16,Female,Artist
Daniel Williams,20,79.81,Female,Doctor
Kayla Jones,57,96.41,Male,Chef
Jerry Strickland,47,10.67,Female,Teacher
Brandy Sims,42,87.76,Male,Nurse
Alexis Hernandez,47,4.87,Male,Developer
Holly Stuart,21,71.35,Female,Developer
Melissa Anderson,24,2.68,Female,Lawyer
Nicholas Bass,48,42.1,Female,Nurse
James Wells,27,87.02,Female,Accountant
John Phillips,19,39.31,Female,Scientist
Susan Bailey,20,92.46,Male,Lawyer
Jamie Riley,56,71.32,Female,Nurse
Kathryn Craig,57,60.42,Female,Developer
Sarah Lopez,26,16.14,Male,Accountant
Jose Hicks,58,34.05,Male,Developer
Kelly Mccullough,38,41.11,Female,Lawyer
Katie Mckenzie,24,59.02,Male,Accountant
Glenn Hamilton,62,99.6,Male,Nurse
Matthew Williams,53,28.37,Male,Scientist
Tracy Ellis,59,50.36,Female,Nurse
Dakota Garcia,40,93.34,Male,Scientist
Riley Smith,30,34.54,Female,Developer
Teresa Lopez,42,62.86,Female,Engineer
Vincent Ward,49,76.61,Male,Artist
Alexa Ewing,25,63.03,Male,Lawyer
Lawrence Hebert,21,75.34,Male,Developer
Emily Short,57,19.57,Female,Scientist
Jonathan Cox,62,95.73,Female,Scientist
Kevin Casey,47,17.69,Female,Teacher
Patricia Smith,57,58.37,Female,Teacher
Heather Clark,58,29.6,Male,Lawyer
Christina Lopez,39,63.44,Female,Artist
Matthew Carr,59,29.11,Female,Teacher
Laurie Shepard,25,43.12,Female,Chef
Susan Brown,61,68.22,Male,Artist
Amanda Holland,63,26.91,Male,Doctor
Kathryn Barnes,57,72.79,Male,Developer
Thomas Howe,36,34.69,Female,Accountant
Michelle Morgan,26,13.22,Female,Accountant
William Sandoval,42,61.31,Female,Teacher
William Lynch,36,16.58,Male,Chef
Steven Miller,65,43.06,Female,Teacher
Caitlin Rodriguez,61,39.84,Male,Lawyer
Miguel Franklin,25,7.62,Female,Doctor
Christopher Bradshaw,51,71.08,Male,Lawyer
Melissa Hess,30,68.08,Male,Artist
Ashley Ayala,20,77.78,Female,Scientist
Nicole Olson,43,54.49,Male,Teacher
Ariel Duran,46,55.39,Female,Doctor
Richard Reid,41,16.92,Male,Engineer
Kimberly Jones,30,20.75,Male,Accountant
Adrian Rowe,47,22.82,Male,Engineer
Bryce Cruz,40,52.53,Male,Doctor
Stacey Edwards,58,81.9,Male,Doctor
Angela Myers,22,35.7,Male,Chef
Victoria Williams,20,88.19,Female,Teacher
Thomas Johnson,20,73.59,Female,Teacher
Jennifer Castro,49,71.64,Male,Chef
Jennifer Mcclain,34,33.52,Male,Artist
Victoria Brown,19,11.85,Male,Nurse
Sherry Thomas,51,96.28,Male,Nurse
Bethany Clark,60,85.46,Female,Doctor
Sandra Ray,54,40.89,Male,Doctor
David Powell,54,86.32,Male,Scientist
Mark Williams,31,89.92,Male,Lawyer
Andrea Smith,32,34.25,Male,Teacher
Raymond Wall,23,50.16,Male,Nurse
Teresa Wilson,58,33.18,Female,Chef
Patrick Morris,50,69.52,Female,Accountant
Kenneth Brown,62,91.22,Female,Artist
David Rivera,51,98.45,Female,Chef
Mr. Bradley Stewart,44,74.38,Male,Artist
Jamie Castillo,50,30.52,Female,Chef
Benjamin Robinson,37,88.05,Female,Chef
Sandra Dixon,25,99.26,Male,Lawyer
Benjamin Moore,27,34.65,Male,Chef
Keith Beck,45,94.87,Male,Developer
Krystal Bell,54,51.15,Female,Doctor
Monica Morales,45,96.46,Male,Teacher
Natasha Conway,23,99.59,Male,Scientist
Gregory Waters,24,81.29,Male,Doctor
James Rowland,44,68.34,Male,Artist
Jose Wright,22,15.4,Male,Teacher
Brian Graham,24,0.49,Female,Teacher
Kimberly Stone,44,59.55,Female,Developer
Andrew Howard,27,70.45,Male,Developer
Catherine Adams,64,93.55,Female,Nurse
Dr. Travis Smith,19,51.71,Female,Teacher
Cynthia Pena,46,69.68,Female,Lawyer
Stacy Vega,45,64.74,Female,Nurse
Rachel Martin,61,20.49,Female,Accountant
Parker Fox,44,64.43,Male,Doctor
Mrs. Janice Roberts DVM,19,98.17,Male,Doctor
Dr. Michael Lutz,49,11.12,Female,Scientist
Vanessa Thompson,38,68.85,Female,Engineer
Kenneth Good,64,61.43,Male,Engineer
Sharon Fuller,34,37.59,Male,Artist
Jenna Richardson,23,79.33,Male,Nurse
Daniel Estes,40,1.05,Female,Scientist
Sharon Dyer,22,89.24,Male,Artist
Cynthia Morgan,25,81.74,Male,Nurse
Erica Thomas,40,48.07,Female,Scientist
Krista Herrera,62,10.81,Female,Chef
Ashley Weeks,19,45.26,Male,Doctor
Michael Burke,40,58.43,Female,Nurse
Michelle Davis,40,25.39,Male,Doctor
Daniel Price MD,29,48.65,Male,Lawyer
Jason Simon,18,77.57,Female,Chef
Tyler Munoz,32,92.27,Female,Lawyer
Justin Miller,41,56.16,Male,Developer
Melissa Barnes,22,82.72,Female,Artist
Michael Mcconnell,56,7.79,Male,Scientist
Janice Boyer,27,85.64,Male,Engineer
Anthony Bird,31,92.08,Female,Nurse
Lisa Hansen,18,16.8,Female,Nurse
Steven Farrell,31,82.75,Female,Teacher
Mr. Michael Barber,60,84.96,Female,Doctor
Rachel Davis DVM,61,87.87,Male,Accountant
Lauren Rivera,64,51.71,Male,Developer
Linda Davis,25,60.83,Female,Lawyer
Alicia Kramer,65,20.81,Male,Engineer
Monica Davis,18,70.81,Female,Chef
Jenna Anderson,36,40.5,Male,Teacher
Terri Nielsen,41,2.12,Male,Teacher
Sharon Gonzalez,62,13.43,Female,Accountant
Terry Garza,19,38.82,Female,Chef
Carlos Perez,56,88.52,Male,Nurse
Eric Navarro III,32,56.49,Male,Lawyer
Steven Beck,27,91.63,Female,Doctor
Catherine Harrell,29,92.95,Female,Scientist
Joshua Castillo,47,8.68,Male,Developer
Robert Nelson,25,58.82,Male,Lawyer
Melissa Phelps,48,33.45,Male,Developer
Rebecca Doyle,40,50.68,Male,Engineer
Charles Clark,63,45.55,Female,Scientist
April Martinez,34,47.99,Female,Engineer
Mr. Fernando Robinson,26,10.18,Male,Lawyer
Eugene Ibarra,19,83.32,Male,Doctor
Matthew Gross,31,49.03,Female,Teacher
Chelsea Bailey,41,64.5,Female,Developer
Joshua Costa,39,47.27,Male,Nurse
Juan Jones,48,18.1,Female,Developer
Troy Kerr,36,54.1,Male,Chef
Samuel Baldwin,36,15.95,Male,Teacher
Julia Henderson,53,85.22,Female,Lawyer
Kimberly Juarez,58,83.16,Male,Lawyer
Barry Alexander,38,14.36,Male,Engineer
Jose Cooper,29,6.88,Male,Chef
Nancy Cruz,55,6.85,Male,Nurse
Michael Weaver,23,39.32,Female,Teacher
Andrew Jensen,24,95.3,Female,Scientist
Laura Perry,52,55.61,Female,Engineer
James Miller,55,26.55,Female,Developer
Barbara Nunez,37,22.96,Male,Teacher
Carol Harris,28,11.09,Male,Chef
Kyle Russell,42,14.11,Male,Teacher
Kimberly Fox,27,81.19,Male,Doctor
Brandon Middleton,26,13.86,Female,Scientist
Carlos Lee,32,86.41,Male,Accountant
Margaret Reynolds,38,82.3,Male,Lawyer
Martin Baker,50,13.68,Male,Accountant
Margaret Morrison,33,55.87,Male,Teacher
Gregory Mack,33,0.71,Male,Scientist
Matthew Villegas,29,86.2,Male,Nurse
Joseph Lewis,36,55.83,Male,Teacher
David Ruiz,41,75.53,Male,Accountant
Sara Roberts,44,49.03,Male,Nurse
Nathan Beck,60,69.04,Female,Chef
Sherry Davis,20,93.12,Male,Teacher
Jon Salazar,26,55.95,Female,Doctor
Crystal Taylor,56,87.47,Female,Doctor
Cynthia Smith,19,34.3,Female,Artist
Joseph Schultz,43,9.75,Female,Doctor
Brianna Romero,22,0.51,Male,Artist
Nathaniel Ward,62,22.67,Male,Lawyer
Cheryl Vang,22,83.86,Male,Artist
Jessica Swanson,26,31.15,Female,Engineer
Andrew Alexander,44,22.46,Male,Scientist
Matthew Rose,37,49.56,Female,Nurse
Katherine Moore,53,94.69,Female,Developer
Kenneth Baker,44,50.9,Female,Nurse
Todd Taylor,65,34.09,Female,Chef
Kimberly Giles,27,7.75,Female,Developer
Elizabeth Harrison,55,57.37,Male,Lawyer
Jacob Mcintosh,45,22.63,Female,Accountant
David Williams,37,36.75,Male,Engineer
Melinda Lawrence,58,38.12,Male,Developer
David Willis,40,75.82,Male,Lawyer
Rebecca Martin,23,23.16,Male,Scientist
Meghan Perkins,33,93.59,Male,Artist
Kelly Blevins,46,74.24,Male,Lawyer
Lori Smith,58,48.11,Female,Engineer
Kyle Wang,41,88.05,Female,Accountant
Mark Moore,58,35.92,Male,Chef
Samantha Oliver,51,38.43,Female,Scientist
Douglas Adams,21,12.94,Female,Nurse
Richard Lane,42,77.86,Male,Artist
Michelle Thomas DVM,44,40.12,Female,Chef
Gary Walsh,18,50.03,Female,Nurse
Alex Phillips,44,47.1,Male,Developer
Ricardo Watkins,64,65.62,Female,Teacher
Shane Lewis,38,37.39,Male,Teacher
Shaun Hubbard,46,91.59,Female,Developer
Joseph Krause,31,43.19,Female,Artist
Michelle Rios,41,35.92,Male,Doctor
Tammy Evans MD,36,40.09,Female,Nurse
Cynthia Holland,48,76.63,Female,Scientist
Elizabeth Richardson,23,99.31,Male,Teacher
James Schneider,29,86.65,Female,Developer
Ricardo Mitchell,24,47.97,Male,Developer
Jessica Carr,35,29.14,Female,Chef
Kelly Martin,25,44.6,Male,Teacher
Brian Cruz,53,34.4,Female,Scientist
John Ruiz,56,24.35,Female,Engineer
Brandi Jimenez,62,18.69,Male,Doctor
Carolyn Smith,27,95.59,Female,Teacher
Michael Valencia,62,49.93,Female,Scientist
Andre Collins,46,11.0,Female,Scientist
Tami Rivera,43,38.39,Male,Doctor
Bethany Davidson,29,38.87,Male,Doctor
Philip Barr,44,51.35,Male,Chef
Michael Gomez,45,98.0,Female,Artist
Jennifer Silva,29,97.66,Male,Accountant
Ms. Jodi Davis,33,56.59,Female,Doctor
Kelly Haynes,47,61.81,Female,Artist
Cynthia Walsh,39,67.56,Male,Nurse
Anthony Randall,51,50.22,Female,Lawyer
Elizabeth Rose,27,48.67,Female,Accountant
Megan Smith,40,31.45,Female,Chef
Brandon Mullins,47,68.39,Female,Doctor
Craig Brooks,58,9.19,Male,Teacher
Julia Gardner,58,31.71,Female,Teacher
Jennifer Garcia,23,89.1,Female,Chef
Nathaniel Edwards,48,22.74,Male,Chef
Richard Oneal,31,96.76,Male,Chef
Luis Yang,36,98.42,Male,Engineer
Russell Sutton,18,57.54,Female,Lawyer
Christopher Scott,62,4.04,Female,Developer
Carol Bush,46,9.35,Male,Artist
Kristina Smith,57,20.03,Male,Accountant
Eric Mccoy,47,32.68,Female,Engineer
David Reyes,18,11.31,Female,Lawyer
Kristopher Castro,31,79.72,Female,Doctor
Jeffery Drake,37,36.42,Male,Engineer
Tracy Morrison,25,23.37,Female,Engineer
Jose Kennedy,58,4.37,Female,Chef
Nancy Gilmore,37,38.27,Male,Artist
Dawn Nelson,52,0.45,Male,Teacher
Shawn Mccullough,56,11.65,Male,Lawyer
Alexander Wells,27,60.46,Female,Artist
Michele Lowe,45,93.49,Female,Accountant
Brian Daniel,63,19.94,Female,Developer
Catherine Velasquez,48,74.11,Male,Chef
Lindsay Arnold,23,19.77,Female,Chef
Jason Owens,61,0.15,Female,Doctor
Jessica Smith,49,89.65,Female,Teacher
Andrea Braun,32,84.61,Female,Nurse
Michelle Steele,52,6.68,Female,Accountant
Jennifer Ramirez,43,17.71,Male,Engineer
Alexander Woods,35,23.43,Male,Chef
Nancy Smith,58,92.83,Female,Nurse
Sandra Camacho,19,38.19,Male,Developer
Jennifer Padilla,25,80.74,Male,Accountant
Amy Williams,35,43.58,Male,Artist
Mason James,60,38.12,Female,Chef
Pam Wise,20,76.53,Female,Developer
Wesley Spencer,18,61.58,Male,Engineer
Madison Nunez,34,26.93,Female,Chef
Michael Reynolds,43,58.28,Male,Scientist
Michelle Dickson,51,70.39,Female,Nurse
Sandra Willis DDS,55,82.71,Male,Doctor
Jacob Barnes,63,67.72,Female,Nurse
Maria Jackson,43,64.07,Male,Developer
Jeffrey Alexander,46,59.59,Female,Nurse
Darrell Rivera,24,9.21,Female,Doctor
Mario Moore,65,94.52,Male,Developer
Kathleen Jones,34,71.48,Female,Chef
Tony Johnson,40,27.29,Male,Teacher
Cassidy Pena,36,69.24,Male,Nurse
Dr. Jessica Reynolds,61,62.08,Male,Engineer
Jeremiah Rubio,30,65.89,Male,Engineer
John Huang,56,37.89,Female,Chef
Bruce Briggs,23,57.32,Female,Scientist
Robert Turner,20,66.0,Female,Engineer
Robert Rivera,22,20.17,Male,Scientist
Anthony Curtis,34,50.8,Male,Artist
Colleen Fitzpatrick,37,12.03,Female,Scientist
Kimberly Harris,52,10.55,Female,Chef
Jessica Williams,39,91.11,Female,Lawyer
Jackie Phillips,25,12.45,Male,Developer
Andrew Williams,51,89.33,Female,Engineer
Shawna Harrison,33,46.98,Female,Teacher
Charles Meza,28,45.49,Male,Chef
Rebecca Jones,22,33.98,Male,Lawyer
Richard Wilson,44,41.62,Male,Accountant
Taylor Reynolds,36,37.72,Male,Doctor
Mitchell Griffin,36,56.5,Female,Engineer
Stacy Fernandez,51,33.56,Male,Engineer
Jaime Atkinson,26,82.2,Female,Doctor
Angela Hunter,54,23.36,Male,Teacher
Shawn Wright,51,24.85,Female,Scientist
Wendy Kemp,58,48.06,Male,Scientist
Erica Hale,31,93.51,Male,Chef
Susan Allen,52,2.39,Female,Teacher
Brittany Sullivan,24,72.34,Male,Artist
Helen Campbell,44,0.6,Male,Accountant
James Smith,58,40.49,Male,Doctor
Patrick Schwartz,52,76.42,Male,Engineer
Breanna Wilson,43,44.61,Female,Engineer
John Martinez DVM,65,42.95,Male,Scientist
Shelby Jackson,35,25.32,Male,Scientist
Robin Morris,36,47.51,Female,Developer
Mrs. Rebecca Thomas,46,22.83,Female,Teacher
Collin Wilson,41,28.35,Male,Scientist
Dana Lloyd,54,65.33,Female,Engineer
Tina Hampton,58,59.94,Male,Nurse
Kristin Johnson MD,26,92.95,Female,Scientist
Vincent Fisher,28,96.89,Male,Accountant
Robert Gillespie,25,52.24,Male,Artist
William Sharp,62,8.76,Male,Accountant
Mariah Smith DDS,25,29.99,Female,Nurse
William Frederick,42,51.78,Male,Chef
Michelle King,43,67.32,Female,Artist
Samantha Walters,55,94.62,Male,Engineer
Curtis Bradley,47,15.51,Female,Scientist
Jennifer Li,26,3.67,Female,Lawyer
Deanna Johnson,53,87.0,Male,Accountant
Erin Wu,60,80.52,Female,Engineer
Joshua Gonzalez,37,76.57,Female,Artist
Maria Mullins,40,46.86,Male,Nurse
Jordan Payne,58,67.78,Female,Lawyer
Manuel Cook,48,41.15,Male,Teacher
Holly Wise,65,19.21,Female,Chef
Jack Castillo,44,39.09,Male,Artist
Miranda Gross,31,78.7,Female,Artist
Stephanie Hardy,48,80.19,Female,Engineer
Tammie Duran,49,96.11,Female,Artist
Sean Lopez,62,88.77,Female,Doctor
Jennifer Long,50,68.21,Female,Developer
Jeffrey Key,38,52.09,Female,Nurse
Nancy Day,49,72.39,Female,Nurse
Arthur Cantu,59,18.32,Female,Developer
April Bartlett,21,92.31,Male,Teacher
Annette Moore,46,71.26,Male,Teacher
David Orr,37,59.45,Male,Chef
Joshua Coleman,27,43.4,Female,Scientist
David Edwards,65,63.35,Female,Developer
Dustin Franklin,49,61.77,Male,Engineer
Timothy Palmer,21,89.89,Female,Scientist
Jennifer Simon,57,57.07,Female,Doctor
Miranda Sanford,31,21.34,Female,Chef
Bradley Yates,19,44.14,Male,Lawyer
Allison Vasquez,40,24.3,Male,Teacher
Tiffany Bailey,48,90.5,Male,Scientist
Jeremy Manning,43,84.35,Female,Artist
Karen Lopez,18,55.58,Male,Scientist
Allison Kelly,51,19.64,Male,Scientist
Austin Davis,22,4.35,Female,Teacher
Jody Anderson,61,13.42,Female,Accountant
Emily Alexander,23,44.32,Male,Lawyer
Brittany Patton,61,67.42,Male,Chef
Katherine Fletcher,65,22.4,Female,Nurse
Wendy Rowe,60,68.45,Female,Engineer
Jorge Long,43,86.19,Female,Chef
Stephanie Davis,18,75.72,Female,Accountant
Kathy Thomas,41,42.55,Female,Artist
Cheyenne Johnson,20,64.57,Male,Artist
Kenneth Williams,25,98.84,Male,Accountant
Kristine Hart,57,88.54,Male,Scientist
Howard Anderson,18,33.81,Male,Lawyer
Jacob Rivera,35,68.54,Female,Artist
Lori Rodriguez,58,16.32,Male,Chef
Whitney Diaz,62,55.74,Male,Doctor
Mary Alvarez,36,35.65,Female,Accountant
